{
  "src/sap/coe/capacity/reuselib/controls/ResourcePlanningCalendar/fragment/EditServiceOrder.fragment.xml": 1701771584557,
  "i18n/messageBundle_fr.properties": 1701770702658,
  "i18n/messageBundle.properties": 1701770702658,
  "src/sap/coe/capacity/reuselib/utils/FormatterBkUp.js": 1701771584621,
  "src/sap/coe/capacity/reuselib/controls/ResourcePlanningCalendar/fragment/HandleTimeAllocation.fragment.controller.js": 1701771584561,
  "src/sap/coe/capacity/reuselib/controls/ResourcePlanningCalendar/fragment/EditServiceOrder.fragment.controller.js": 1701771584557,
  "src/sap/coe/capacity/reuselib/controls/ResourcePlanningCalendar/fragment/ColleagueDetailPopover.fragment.controller.js": 1701771584549,
  "src/sap/coe/capacity/reuselib/utils/baseclasses/Helpers.js": 1701771584637,
  "src/sap/coe/capacity/reuselib/utils/baseclasses/Formatter.js": 1701771584633,
  "src/sap/coe/capacity/reuselib/controls/TimeZoneSelect/TimeZoneSettings.js": 1706176206378,
  "src/sap/coe/capacity/reuselib/controls/ServiceTeamSelect/ServiceTeamSelectComponent.js": 1701771584581,
  "src/sap/coe/capacity/reuselib/controls/ResourcePlanningCalendar/ResourcePlanningCalendarComponent.js": 1706095010444,
  "src/sap/coe/capacity/reuselib/controls/QualificationSelect/QualificationSelectComponent.js": 1701771584525,
  "src/sap/coe/capacity/reuselib/controls/QualificationSelectTest/QualificationSelectComponent.js": 1701771584529,
  "src/sap/coe/capacity/reuselib/controls/OrgUnitSelect/OrgUnitSelectComponent.js": 1701771584517,
  "src/sap/coe/capacity/reuselib/controls/EmployeeSingleSelect/EmployeeSearchComponent.js": 1701771584513,
  "src/sap/coe/capacity/reuselib/controls/EmployeeSelect/EmployeeSearchComponent.js": 1701771584505,
  "src/sap/coe/capacity/reuselib/controls/CustomVariantManager/CustomVariantManagerComponent.js": 1701771584497,
  "src/sap/coe/capacity/reuselib/controls/BaseControl/BaseFragmentComponent.js": 1701771584489,
  "src/sap/coe/capacity/reuselib/utils/variantManager.js": 1701771584645,
  "src/sap/coe/capacity/reuselib/utils/messages.js": 1701771584645,
  "src/sap/coe/capacity/reuselib/utils/i18n.js": 1701771584641,
  "src/sap/coe/capacity/reuselib/utils/helpers.js": 1701771584641,
  "src/sap/coe/capacity/reuselib/utils/formatter.js": 1701771584637,
  "src/sap/coe/capacity/reuselib/utils/dataManagerNew.js": 1701771584637,
  "src/sap/coe/capacity/reuselib/utils/VariantFilterHelper.js": 1701771584633,
  "src/sap/coe/capacity/reuselib/utils/TokenHelperTest.js": 1701771584629,
  "src/sap/coe/capacity/reuselib/utils/TokenHelper.js": 1701771584629,
  "src/sap/coe/capacity/reuselib/utils/P13nHelper.js": 1705580966648,
  "src/sap/coe/capacity/reuselib/utils/ManageVariant.js": 1701771584625,
  "src/sap/coe/capacity/reuselib/controls/ResourcePlanningCalendar/fragment/Organisation.fragment.controller.js": 1701771584565,
  "src/sap/coe/capacity/reuselib/utils/ErrorCodeHelper.js": 1701771584621,
  "src/sap/coe/capacity/reuselib/utils/DataManager.js": 1701771584617,
  "src/sap/coe/capacity/reuselib/utils/CalendarHelper.js": 1701771584613,
  "src/sap/coe/capacity/reuselib/model/utilsModel.json": 1701771584613,
  "src/sap/coe/capacity/reuselib/model/TimeZoneModel.json": 1701771584605,
  "src/sap/coe/capacity/reuselib/fragment/ProductSearch.fragment.controller.js": 1701771584593,
  "src/sap/coe/capacity/reuselib/fragment/Organisation.fragment.controller.js": 1701771584589,
  "src/sap/coe/capacity/reuselib/fragment/NoAuthorizationDialog.js": 1701771584589,
  "src/sap/coe/capacity/reuselib/manifest.json": 1706689875117,
  "src/sap/coe/capacity/reuselib/library.js": 1706613532018,
  "fragment/popover/ActionSheet.fragment.controller.js": 1701770702658,
  "fragment/dialog/ServiceTeam.fragment.controller.js": 1701770702658,
  "view/TeamCalendar.controller.js": 1701770702662,
  "view/MyStaffing.controller.js": 1701770702662,
  "view/Main.controller.js": 1706176416859,
  "util/messages.js": 1701770702662,
  "util/i18n.js": 1701770702662,
  "util/helpers.js": 1701770702662,
  "util/formatter.js": 1701770702662,
  "util/IsEditableFormatter.js": 1701770702662,
  "src/version.json": 1701771584649,
  "model/UtilsModel.json": 1701770702658,
  "manifest.json": 1706689875118,
  "Component.js": 1706613418717,
  "src/sap/coe/capacity/reuselib/controls/EmployeeSelect/EmployeeSearchComponent-dbg.js": 1701771584505,
  "src/sap/coe/capacity/reuselib/controls/EmployeeSelect/EmployeeSearchComponent.js.map": 1706689875169,
  "src/sap/coe/capacity/reuselib/controls/ResourcePlanningCalendar/fragment/HandleTimeAllocation.fragment-dbg.controller.js": 1701771584561,
  "src/sap/coe/capacity/reuselib/controls/ResourcePlanningCalendar/fragment/HandleTimeAllocation.fragment.controller.js.map": 1706689875363,
  "src/sap/coe/capacity/reuselib/controls/ResourcePlanningCalendar/fragment/EditServiceOrder.fragment-dbg.controller.js": 1701771584557,
  "src/sap/coe/capacity/reuselib/controls/ResourcePlanningCalendar/fragment/EditServiceOrder.fragment.controller.js.map": 1706689875161,
  "src/sap/coe/capacity/reuselib/controls/ResourcePlanningCalendar/fragment/ColleagueDetailPopover.fragment-dbg.controller.js": 1701771584549,
  "src/sap/coe/capacity/reuselib/controls/ResourcePlanningCalendar/fragment/ColleagueDetailPopover.fragment.controller.js.map": 1706689875152,
  "src/sap/coe/capacity/reuselib/utils/baseclasses/Helpers-dbg.js": 1701771584637,
  "src/sap/coe/capacity/reuselib/utils/baseclasses/Helpers.js.map": 1706689875164,
  "src/sap/coe/capacity/reuselib/utils/baseclasses/Formatter-dbg.js": 1701771584633,
  "src/sap/coe/capacity/reuselib/utils/baseclasses/Formatter.js.map": 1706689875227,
  "src/sap/coe/capacity/reuselib/controls/TimeZoneSelect/TimeZoneSettings-dbg.js": 1706176206378,
  "src/sap/coe/capacity/reuselib/controls/TimeZoneSelect/TimeZoneSettings.js.map": 1706689875182,
  "src/sap/coe/capacity/reuselib/controls/ServiceTeamSelect/ServiceTeamSelectComponent-dbg.js": 1701771584581,
  "src/sap/coe/capacity/reuselib/controls/ServiceTeamSelect/ServiceTeamSelectComponent.js.map": 1706689875256,
  "src/sap/coe/capacity/reuselib/controls/ResourcePlanningCalendar/ResourcePlanningCalendarComponent-dbg.js": 1706095010444,
  "src/sap/coe/capacity/reuselib/controls/ResourcePlanningCalendar/ResourcePlanningCalendarComponent.js.map": 1706689875439,
  "src/sap/coe/capacity/reuselib/controls/QualificationSelect/QualificationSelectComponent-dbg.js": 1701771584525,
  "src/sap/coe/capacity/reuselib/controls/QualificationSelect/QualificationSelectComponent.js.map": 1706689875273,
  "src/sap/coe/capacity/reuselib/controls/QualificationSelectTest/QualificationSelectComponent-dbg.js": 1701771584529,
  "src/sap/coe/capacity/reuselib/controls/QualificationSelectTest/QualificationSelectComponent.js.map": 1706689875345,
  "src/sap/coe/capacity/reuselib/controls/OrgUnitSelect/OrgUnitSelectComponent-dbg.js": 1701771584517,
  "src/sap/coe/capacity/reuselib/controls/OrgUnitSelect/OrgUnitSelectComponent.js.map": 1706689875335,
  "src/sap/coe/capacity/reuselib/controls/EmployeeSingleSelect/EmployeeSearchComponent-dbg.js": 1701771584513,
  "src/sap/coe/capacity/reuselib/controls/EmployeeSingleSelect/EmployeeSearchComponent.js.map": 1706689875355,
  "src/sap/coe/capacity/reuselib/utils/FormatterBkUp-dbg.js": 1701771584621,
  "src/sap/coe/capacity/reuselib/utils/FormatterBkUp.js.map": 1706689875368,
  "src/sap/coe/capacity/reuselib/controls/CustomVariantManager/CustomVariantManagerComponent-dbg.js": 1701771584497,
  "src/sap/coe/capacity/reuselib/controls/CustomVariantManager/CustomVariantManagerComponent.js.map": 1706689875533,
  "src/sap/coe/capacity/reuselib/controls/BaseControl/BaseFragmentComponent-dbg.js": 1701771584489,
  "src/sap/coe/capacity/reuselib/controls/BaseControl/BaseFragmentComponent.js.map": 1706689875424,
  "src/sap/coe/capacity/reuselib/utils/variantManager-dbg.js": 1701771584645,
  "src/sap/coe/capacity/reuselib/utils/variantManager.js.map": 1706689875441,
  "src/sap/coe/capacity/reuselib/utils/messages-dbg.js": 1701771584645,
  "src/sap/coe/capacity/reuselib/utils/messages.js.map": 1706689875439,
  "src/sap/coe/capacity/reuselib/utils/i18n-dbg.js": 1701771584641,
  "src/sap/coe/capacity/reuselib/utils/i18n.js.map": 1706689875441,
  "src/sap/coe/capacity/reuselib/utils/helpers-dbg.js": 1701771584641,
  "src/sap/coe/capacity/reuselib/utils/helpers.js.map": 1706689875441,
  "src/sap/coe/capacity/reuselib/utils/formatter-dbg.js": 1701771584637,
  "src/sap/coe/capacity/reuselib/utils/formatter.js.map": 1706689875479,
  "src/sap/coe/capacity/reuselib/utils/dataManagerNew-dbg.js": 1701771584637,
  "src/sap/coe/capacity/reuselib/utils/dataManagerNew.js.map": 1706689875445,
  "src/sap/coe/capacity/reuselib/utils/VariantFilterHelper-dbg.js": 1701771584633,
  "src/sap/coe/capacity/reuselib/utils/VariantFilterHelper.js.map": 1706689875479,
  "src/sap/coe/capacity/reuselib/utils/TokenHelperTest-dbg.js": 1701771584629,
  "src/sap/coe/capacity/reuselib/utils/TokenHelperTest.js.map": 1706689875450,
  "src/sap/coe/capacity/reuselib/utils/TokenHelper-dbg.js": 1701771584629,
  "src/sap/coe/capacity/reuselib/utils/TokenHelper.js.map": 1706689875464,
  "src/sap/coe/capacity/reuselib/utils/P13nHelper-dbg.js": 1705580966648,
  "src/sap/coe/capacity/reuselib/utils/P13nHelper.js.map": 1706689875478,
  "src/sap/coe/capacity/reuselib/utils/ManageVariant-dbg.js": 1701771584625,
  "src/sap/coe/capacity/reuselib/utils/ManageVariant.js.map": 1706689875548,
  "src/sap/coe/capacity/reuselib/controls/ResourcePlanningCalendar/fragment/Organisation.fragment-dbg.controller.js": 1701771584565,
  "src/sap/coe/capacity/reuselib/controls/ResourcePlanningCalendar/fragment/Organisation.fragment.controller.js.map": 1706689875524,
  "src/sap/coe/capacity/reuselib/utils/ErrorCodeHelper-dbg.js": 1701771584621,
  "src/sap/coe/capacity/reuselib/utils/ErrorCodeHelper.js.map": 1706689875532,
  "src/sap/coe/capacity/reuselib/utils/DataManager-dbg.js": 1701771584617,
  "src/sap/coe/capacity/reuselib/utils/DataManager.js.map": 1706689875547,
  "src/sap/coe/capacity/reuselib/utils/CalendarHelper-dbg.js": 1701771584613,
  "src/sap/coe/capacity/reuselib/utils/CalendarHelper.js.map": 1706689875538,
  "src/sap/coe/capacity/reuselib/fragment/ProductSearch.fragment-dbg.controller.js": 1701771584593,
  "src/sap/coe/capacity/reuselib/fragment/ProductSearch.fragment.controller.js.map": 1706689875541,
  "src/sap/coe/capacity/reuselib/fragment/Organisation.fragment-dbg.controller.js": 1701771584589,
  "src/sap/coe/capacity/reuselib/fragment/Organisation.fragment.controller.js.map": 1706689875547,
  "src/sap/coe/capacity/reuselib/fragment/NoAuthorizationDialog-dbg.js": 1701771584589,
  "src/sap/coe/capacity/reuselib/fragment/NoAuthorizationDialog.js.map": 1706689875547,
  "src/sap/coe/capacity/reuselib/library-dbg.js": 1706613532018,
  "src/sap/coe/capacity/reuselib/library.js.map": 1706689875549,
  "fragment/popover/ActionSheet.fragment-dbg.controller.js": 1701770702658,
  "fragment/popover/ActionSheet.fragment.controller.js.map": 1706689875554,
  "fragment/dialog/ServiceTeam.fragment-dbg.controller.js": 1701770702658,
  "fragment/dialog/ServiceTeam.fragment.controller.js.map": 1706689875554,
  "view/TeamCalendar-dbg.controller.js": 1701770702662,
  "view/TeamCalendar.controller.js.map": 1706689875586,
  "view/MyStaffing-dbg.controller.js": 1701770702662,
  "view/MyStaffing.controller.js.map": 1706689875572,
  "view/Main-dbg.controller.js": 1706176416859,
  "view/Main.controller.js.map": 1706689875560,
  "util/messages-dbg.js": 1701770702662,
  "util/messages.js.map": 1706689875560,
  "util/i18n-dbg.js": 1701770702662,
  "util/i18n.js.map": 1706689875567,
  "util/helpers-dbg.js": 1701770702662,
  "util/helpers.js.map": 1706689875568,
  "util/formatter-dbg.js": 1701770702662,
  "util/formatter.js.map": 1706689875574,
  "util/IsEditableFormatter-dbg.js": 1701770702662,
  "util/IsEditableFormatter.js.map": 1706689875573,
  "Component-dbg.js": 1706613418717,
  "Component.js.map": 1706689875582,
  "Component-preload.js": 1706689875895,
  "Component-preload.js.map": 1706689875897,
  "src/sap/coe/capacity/reuselib/controls/ResourcePlanningCalendar/fragment/sortCalendarResources.fragment.xml": 1701771584577,
  "src/sap/coe/capacity/reuselib/controls/ResourcePlanningCalendar/fragment/persCalendarResourcesView.fragment.xml": 1701771584573,
  "src/sap/coe/capacity/reuselib/controls/ResourcePlanningCalendar/fragment/colleagueDetailPopover.fragment.xml": 1701771584573,
  "src/sap/coe/capacity/reuselib/controls/ResourcePlanningCalendar/fragment/allocationDetailPopoverPress.fragment.xml": 1701771584569,
  "src/sap/coe/capacity/reuselib/controls/ResourcePlanningCalendar/fragment/TimeAllocationInfoPopover.fragment.xml": 1701771584569,
  "src/sap/coe/capacity/reuselib/controls/ResourcePlanningCalendar/fragment/Organisation.fragment.xml": 1701771584565,
  "src/sap/coe/capacity/reuselib/i18n.properties": 1706175896214,
  "src/sap/coe/capacity/reuselib/controls/ResourcePlanningCalendar/fragment/CreateAllocation.fragment.xml": 1701771584557,
  "src/sap/coe/capacity/reuselib/controls/ResourcePlanningCalendar/fragment/ColorLegendPopover.fragment.xml": 1701771584553,
  "src/sap/coe/capacity/reuselib/controls/ResourcePlanningCalendar/fragment/CalendarFilter.fragment.xml": 1701771584545,
  "src/sap/coe/capacity/reuselib/controls/ResourcePlanningCalendar/fragment/AbsenceTalPopover.fragment.xml": 1701771584541,
  "src/sap/coe/capacity/reuselib/controls/CustomVariantManager/fragment/VariantSelectList.fragment.xml": 1701771584501,
  "src/sap/coe/capacity/reuselib/controls/CustomVariantManager/fragment/SortVariants.fragment.xml": 1701771584501,
  "src/sap/coe/capacity/reuselib/controls/CustomVariantManager/fragment/SaveAsDialog.fragment.xml": 1701771584501,
  "src/sap/coe/capacity/reuselib/controls/CustomVariantManager/fragment/ManageVariant.fragment.xml": 1701771584497,
  "src/sap/coe/capacity/reuselib/controls/TimeZoneSelect/TimeZoneSelect.fragment.xml": 1701771584585,
  "src/sap/coe/capacity/reuselib/controls/ServiceTeamSelect/ServiceTeamSelect.fragment.xml": 1701771584581,
  "src/sap/coe/capacity/reuselib/controls/ServiceTeamSelect/ServiceTeamMultiInput.fragment.xml": 1701771584577,
  "src/sap/coe/capacity/reuselib/controls/ResourcePlanningCalendar/ResourcePlanningCalendar.fragment.xml": 1706175867667,
  "src/sap/coe/capacity/reuselib/controls/QualificationSelectTest/QualificationSelectMultiInput.fragment.xml": 1701771584533,
  "src/sap/coe/capacity/reuselib/controls/QualificationSelectTest/QualificationSelect.fragment.xml": 1701771584529,
  "src/sap/coe/capacity/reuselib/controls/QualificationSelect/QualificationSelectMultiInput.fragment.xml": 1701771584525,
  "src/sap/coe/capacity/reuselib/controls/QualificationSelect/QualificationSelect.fragment.xml": 1701771584521,
  "src/sap/coe/capacity/reuselib/controls/OrgUnitSelect/OrgUnitSelectMultiInput.fragment.xml": 1701771584517,
  "src/sap/coe/capacity/reuselib/controls/OrgUnitSelect/OrgUnitSelect.fragment.xml": 1701771584513,
  "src/sap/coe/capacity/reuselib/controls/EmployeeSingleSelect/EmployeeSearchInput.fragment.xml": 1701771584513,
  "src/sap/coe/capacity/reuselib/controls/EmployeeSingleSelect/EmployeeSearch.fragment.xml": 1701771584509,
  "src/sap/coe/capacity/reuselib/controls/EmployeeSelect/EmployeeSearchMultiInput.fragment.xml": 1701771584509,
  "src/sap/coe/capacity/reuselib/controls/EmployeeSelect/EmployeeSearch.fragment.xml": 1701771584505,
  "src/sap/coe/capacity/reuselib/controls/CustomVariantManager/CustomVariantManager.fragment.xml": 1701771584489,
  "src/sap/coe/capacity/reuselib/fragment/ProductSearch.fragment.xml": 1701771584597,
  "src/sap/coe/capacity/reuselib/fragment/Organisation.fragment.xml": 1701771584593,
  "src/sap/coe/capacity/reuselib/fragment/NoAuthorizationDialog.fragment.xml": 1701771584589,
  "src/sap/coe/capacity/reuselib/.library": 1701771584485,
  "fragment/popover/ActionSheet.fragment.xml": 1701770702658,
  "fragment/dialog/ServiceTeam.fragment.xml": 1701770702658,
  "fragment/dialog/CalendarSettings.fragment.xml": 1701770702658,
  "fragment/dialog/CalendarFilter.fragment.xml": 1701770702658,
  "view/TeamCalendar.view.xml": 1704969512176,
  "view/MyStaffing.view.xml": 1704969661189,
  "view/Main.view.xml": 1705936406302,
  "src/.Ui5RepositoryTextFiles": 1701771584481,
  "model/metadata.xml": 1701770702658,
  "css/fullScreenStyles.css": 1701770702658,
  "test.html": 1705572345798,
  "index.html": 1706614622016
}